{
  "$schema": "https://raw.githubusercontent.com/grafana/grafana/master/docs/sources/developers/plugins/plugin.schema.json",
  "type": "datasource",
  "name": "monster-api",
  "id": "ttu-monster-api",
  "metrics": true,
  "backend": true,
  "executable": "gpx_monster-api",
  "alerting": true,
  "info": {
    "description": "datasource replicate monster api basing on TTU HPC monitoring api",
    "author": {
      "name": "idvl",
      "url": ""
    },
    "keywords": [
      "monster api",
      "datasource",
      "job compute"
    ],
    "logos": {
      "small": "img/logo.svg",
      "large": "img/logo.svg"
    },
    "links": [
      {
        "name": "Website",
        "url": "https://github.com/grafana/grafana-starter-datasource"
      },
      {
        "name": "License",
        "url": "https://github.com/grafana/grafana-starter-datasource/blob/master/LICENSE"
      }
    ],
    "screenshots": [],
    "version": "%VERSION%",
    "updated": "%TODAY%"
  },
  "dependencies": {
    "grafanaDependency": ">=7.0.0",
    "plugins": []
  }
}
